username,password_hash
alice,ef92b778bafe771e89245b89ecbc08a44a4e166c06659911881f383d4473e94f
bob,ef92b778bafe771e89245b89ecbc08a44a4e166c06659911881f383d4473e94f
charlie,ef92b778bafe771e89245b89ecbc08a44a4e166c06659911881f383d4473e94f
david,ef92b778bafe771e89245b89ecbc08a44a4e166c06659911881f383d4473e94f
eve,ef92b778bafe771e89245b89ecbc08a44a4e166c06659911881f383d4473e94f
user6,ef92b778bafe771e89245b89ecbc08a44a4e166c06659911881f383d4473e94f
user7,ef92b778bafe771e89245b89ecbc08a44a4e166c06659911881f383d4473e94f
user8,ef92b778bafe771e89245b89ecbc08a44a4e166c06659911881f383d4473e94f
user9,ef92b778bafe771e89245b89ecbc08a44a4e166c06659911881f383d4473e94f
user10,ef92b778bafe771e89245b89ecbc08a44a4e166c06659911881f383d4473e94f
